SimpleFX;St. Vincent and Grenadines;CFD Broker;No;Yes;Online
Huobi;Seychelles;Exchange;No;Yes;Online
0x;Cayman Islands;Exchange Protocol;No;Unknown;Online
0xchange;Worldwide (Decentralized);Relayer;Yes;Unknown;Online
1Broker;United States of America;Exchange;No;Unknown;Discontinued
1BTCXE;Panama;Exchange;No;No;Offline
1inch.exchange;United States of America;Aggregation Platform;Yes;No;Online
365stream;Hong Kong;Exchange;No;No;Online
3Dax;Indonesia;Exchange;No;No;Online
3XBIT;Brazil;Exchange;No;Unknown;Online
50x.com;Country not disclosed;Exchange;No;Yes;Online
55 Global Markets;United States of America;Exchange;No;Unknown;Online
808exchange;Worldwide (Decentralized);Exchange;No;No;Online
9coin;Australia;Exchange;No;No;Online
A1 Exchange;Country not disclosed;Exchange;No;Yes;Online
Aave;Switzerland;Exchange Protocol;Yes;No;Online
AAX;Malta;Exchange;No;Unknown;Online
ABCC;Singapore;Exchange;No;Yes;Online
ABIT;Australia;Exchange;No;Yes;Online
Abra;Philippines;Exchange;No;No;Online
ACX;Australia;Exchange;No;Unknown;Online
Admiral Markets;United Kingdom;CFD Broker;No;Yes;Online
AENX;Hongkong;Exchange;No;Yes;Online
Aermos;Country not disclosed;Exchange;Yes;Unknown;Offline
AEX;Seychelles;Exchange;No;Unknown;Offline
AgoraDesk;British Virgin Islands;Derivatives Exchange;No;Unknown;Online
AidosMarket;Country not disclosed;Exchange;No;Unknown;Online
AIODEX;Country not disclosed;Exchange;No;Yes;Online
Airswap;United States of America;Coin Converter (Swaps);Yes;Unknown;Online
AjuBit;Seychelles;Exchange;No;No;Online
alfacash;Belize;Buy/Sell platform;No;Yes;Online
Alkimi Exchange;United Kingdom;Exchange;Yes;No;Online
Allbit;South Korea;Exchange;No;Unknown;Online
Allcoin;Canada;Exchange;No;Unknown;Online
Alluma;Singapore;Exchange;No;Unknown;Online
Alpha Finance Lab;Worldwide (Decentralized);Yield Aggregator;Yes;No;Online
Alt Exchanger;Hong Kong;Exchange;No;Unknown;Online
Altcoin Trader;South Africa;Exchange;No;Unknown;Online
Altcoin.io;United States of America;Exchange;Yes;Unknown;Online
AltDex;United States of America;Exchange;No;Unknown;Offline
Alterdice;Singapore;Exchange;No;No;Online
Altex.Exchange;Germany;Exchange;No;No;Discontinued
Altilly;Netherlands;Exchange;No;Yes;Online
altmarkets;United Kingdom;Exchange;No;No;Online
ALTTEX;United States of America;Exchange;Yes;Unknown;Online
Amadeus Relay;Brazil;Relayer;No;Unknown;Offline
AMFEIX;Indonesia;Investment Fund;No;Yes;Online
Amplify Exchange;Ireland;Exchange;No;No;Online
Amsterdex;Netherlands;Exchange;No;Unknown;Online
Amun;Switzerland;Exchange-traded Product;No;No;Online
Anchor Protocol;Worldwide (Decentralized);Lending Protocol;Yes;No;Online
Angel 0x;Worldwide (Decentralized);Exchange;Yes;Unknown;Offline
Antares Exchange;United States of America;Exchange;No;No;Online
ANXPro;Hong Kong;Exchange;No;Unknown;Online
Anycoindirect.eu;Netherlands;Buy/Sell platform;No;Yes;Online
Aphelion;Saint Kitts and Nevis;Exchange;Yes;Unknown;Online
Arbidex;United Kingdom;Exchange;No;Unknown;Online
Archax;United Kingdom;Exchange;No;No;Online
Art Blocks;United States of America;NFT Marketplace;Yes;No;Online
Artis Turba;South Africa;Exchange;No;No;Online
as.exchange;Hongkong;Derivatives Exchange;No;In development;Online
Ascendex;Singapore;Exchange;No;Yes;Online
Async Art;United States of America;Exchange;Yes;No;Online
ATFX;United Kingdom;CFD Broker;No;Unknown;Online
Atlant;British Virgin Islands;Exchange;No;Unknown;Online
Atomars;Country not disclosed;Exchange;No;No;Online
Atomic Assets;United States of America;NFT Marketplace;No;No;Online
ATUM;United States of America;Exchange;Yes;Unknown;Online
Aurora DAO;Panama;Exchange;Yes;No;Online
Autradex Systems;Australia;Exchange;No;In development;Online
AVA Trade;Ireland;CFD Broker;No;Yes;Online
Avatrade;Ireland;CFD Broker;No;Unknown;Online
AXNET;Estonia;Exchange;No;No;Online
B&C Exchange;Worldwide (Decentralized);Exchange;Yes;No;Offline
B2BX;Russian Federation;Exchange;No;Yes;Online
BAE;Worldwide (Decentralized);Exchange;Yes;No;Online
Bakkt;United States of America;Futures Contract;No;No;Online
Bamboo Relay;Country not disclosed;Exchange;Yes;Unknown;Online
Bancor Network;Switzerland;Exchange Protocol;No;Unknown;Online
BankCEX;Country not disclosed;Exchange;No;Unknown;Online
Bankera;British Virgin Islands;Exchange;No;Yes;Online
Barginex;Seychelles;Exchange;No;Yes;Online
BarterDEX;Worldwide (Decentralized);Exchange;Yes;No;Online
BaseFEX;Seychelles;Derivatives Exchange;No;Unknown;Online
Basichange;Venezuela;Exchange;No;No;Online
Bastion;Country not disclosed;Exchange;No;Unknown;Online
BBOD;Seychelles;CFD Broker;No;Unknown;Online
BBX;Country not disclosed;Exchange;No;Unknown;Online
BC BITCOIN;United Kingdom;Buy/Sell platform;No;No;Online
BCEX;Hong Kong;Exchange;No;Unknown;Online
Bcnex;Belize;Exchange;No;No;Online
BCoin.sg;Singapore;Exchange;No;Unknown;Offline
BDVE;Venezuela;Exchange;No;No;Online
Beaxy;Saint Kitts and Nevis;Exchange;No;Yes;Online
Behind;South Korea;Exchange;No;Unknown;Offline
Beldex;Malaysia;Exchange;No;Unknown;Online
Bequant;Malta;Exchange;No;No;Online
Berivatives;France;Derivatives Exchange;No;No;Online
Best Rate;United States of America;Coin Converter (Swaps);No;Yes;Online
Betconix;Russian Federation;Buy/Sell platform;No;Yes;Online
BEXPLUS;Country not disclosed;CFD Broker;No;Unknown;Online
Bgogo;Cayman Islands;Exchange;No;Unknown;Online
Bibox;Estonia;Exchange;No;Yes;Online
Bictory;British Virgin Islands;Exchange;No;In development;Online
Biditex;Malta;Exchange;No;No;Online
Bigmarkets Limited;Unknown;Exchange;No;Unknown;Offline
BigoMex;Singapore;Exchange;No;Yes;Online
BigONE;Country not disclosed;Exchange;No;Unknown;Online
BihuEx;China;Exchange;No;No;Online
Bilaxy;Seychelles;Exchange;No;No;Online
Binance DEX;Worldwide (Decentralized);Exchange;Yes;No;Online
Binance Futures;Malta;Futures Exchange;No;Unknown;Online
Binance Jersey;Jersey;Exchange;No;Yes;Discontinued
Binance Jex;Singapore;Derivatives Exchange;No;No;Online
Binance US;United States of America;Exchange;No;Yes;Online
Binance;Malta;Exchange;No;Yes;Online
Binfinity;Australia;Exchange;No;No;Online
Bingbon;Singapore;Futures Exchange;No;Yes;Online
Binkd;United States of America;Exchange;No;Unknown;Offline
Binordex;Estonia;Exchange;No;No;Online
BIP platform;United Kingdom;Lending Platform;No;Yes;Online
Birake;Estonia;Exchange;No;No;Online
BISON App;Germany;Buy/Sell platform;No;No;Online
Bison;United States of America;Buy/Sell Platform;;No;Online
Bisq;Worldwide (Decentralized);Exchange;Yes;No;Online
Biswap;Worldwide (Decentralized);Coin Converter (Swaps);Yes;Yes;Online
Bit-Z;Hong Kong;Exchange;No;Unknown;Online
BIT.COM;Seychelles;Derivatives Exchange;No;Yes;Online
Bit2Bit;India;Exchange;No;In development;Online
Bit2C;Israel;Exchange;No;Unknown;Online
Bit2Me OTC;Spain;Buy/Sell platform;No;Yes;Online
Bit2Me;Spain;Buy/Sell platform;No;Yes;Online
bit4coin;Netherlands;Buy/Sell platform;No;No;Online
Bit4Sale;Estonia;Buy/Sell platform;No;Yes;Online
BitAsset;Hong Kong;Exchange;No;No;Online
Bitbank;Japan;Exchange;No;Unknown;Online
BitBay;Malta;Exchange;No;Unknown;Online
BitBegin;Nigeria;Exchange;No;Unknown;Online
Bitbns;India;Exchange;No;Unknown;Online
BITBOX;Japan;Exchange;No;Unknown;Online
BITBOX;Singapore;Exchange;No;Yes;Online
bitbuy;Canada;Buy/Sell Platform;;Yes;Online
Bitclude;Poland;Exchange;;Yes;Online
Bitcoin Fund (3iQ);Canada;Exchange-traded Product;No;No;Online
Bitcoin Meester;Netherlands;Buy/Sell platform;No;Yes;Online
Bitcoin of America;United States of America;Exchange;No;No;Online
Bitcoin.com.au;Australia;Buy/Sell Platform;No;No;Online
Bitcoin.de;Germany;Exchange;No;Unknown;Online
Bitcoins Norway;Norway;Buy/Sell platform;No;Unknown;Online
Bitcointopaypalexchange;United States of America;Buy/Sell platform;No;No;Offline
BitcoinToYou;Brazil;Exchange;No;No;Online
BitcoinTrade;Brazil;Exchange;No;No;Online
Bitcoiva;India;Exchange;No;Yes;Online
BitCoke;Cayman islands;Derivatives Exchange;No;Unknown;Online
BitConx;United Kingdom;Exchange;No;Unknown;Online
Bitcratic;India;Exchange;Yes;No;Online
Bitebtc;Singapore;Exchange;No;Unknown;Discontinued
Biteeu;Estonia;Exchange;No;No;Online
Bitex.la;Netherlands;Exchange;No;Unknown;Online
BITEXBOOK;Saint Vincent and Grenadines;Exchange;No;Yes;Online
Bitexlive;Turkey;Exchange;No;Unknown;Online
BitFex;Hong Kong;Exchange;No;No;Online
Bitfineon;Switzerland;Exchange;No;Unknown;Offline
Bitfinex;British Virgin Islands;Exchange;No;Unknown;Online
BitFlip;Thailand;Exchange;No;Yes;Online
bitFlyer;Japan;Exchange;No;Unknown;Online
BitForex;Seychelles;Exchange;No;No;Online
BitGlobal;Seychelles;Exchange;No;Yes;Online
BitHash;Singapore;Exchange;No;Yes;Online
Bithesap;Turkey;Exchange;No;Unknown;Online
BITHOLIC;Singapore;Exchange;No;Unknown;Offline
Bithoven;Unknown;Exchange;No;No;Online
Bithumb;South Korea;Exchange;No;Unknown;Online
Bitibu;Country not disclosed;Buy/Sell platform;No;Unknown;Online
Bitinka;Hong Kong;Exchange;No;Unknown;Online
BitKassa;Netherlands;Buy/Sell platform;No;No;Online
BITKER;Singapore;Exchange;No;Unknown;Online
BitKonan;Croatia;Exchange;No;Unknown;Offline
BitKop;China;Exchange;No;Unknown;Online
Bitkub;Thailand;Exchange;No;Unknown;Online
Bitladon;Thailand;Buy/Sell platform;No;No;Online
Bitlevex;Estonia;Buy/Sell Platform;No;No;Online
Bitlish;United Kingdom;Exchange;No;Unknown;Online
Bitlo;Turkey;Buy/Sell platform;No;Yes;Online
BitMarket;Seychelles;Exchange;No;Unknown;Discontinued
BitMart;Cayman Islands;Exchange;No;Unknown;Online
Bitmaszyna;Belgium;Exchange;No;Unknown;Online
Bitmax;Singapore;Exchange;No;Yes;Online
BitMesh;Seychelles;Exchange;No;Unknown;Online
BitMEX;Seychelles;Exchange;No;Unknown;Online
Bitmxittz;Unknown;Exchange;No;Unknown;Offline
Bitmymoney;Netherlands;Exchange;No;Yes;Online
Bitnaru;South Korea;Exchange;No;Unknown;Online
Bitni;Singapore;Coin Converter (Swaps);No;Yes;Online
Bitnominal;United States of America;Derivatives Exchange;No;No;Online
Bitnordex;Estonia;Exchange;No;Unknown;Online
Bitnuk;Switzerland;Buy/Sell platform;No;Unknown;Online
Bitocto Exchange;Indonesia;Exchange;No;Unknown;Online
BitOffer;Singapore;Exchange;No;Unknown;Online
Bitonic;Netherlands;Exchange;No;Yes;Online
Bitospher Exchange;Turkey;Exchange;No;No;Online
Bitox Exchange;Country not disclosed;Exchange;Yes;Unknown;Online
Bitpaction;Unknown;Exchange;No;Unknown;Offline
Bitpanda;Austria;Exchange;No;Unknown;Online
BitParax;Country not disclosed;Exchange;No;No;Online
BitPoint;Japan;Buy/Sell platform;No;Unknown;Online
Bitprime;New Zealand;Buy/Sell platform;No;No;Online
Bitqist;Netherlands;Exchange;No;Yes;Online
Bitrue;Singapore;Exchange;No;Unknown;Online
Bitrush;Netherlands;Buy/Sell platform;No;Yes;Online
Bits Blockchain;Brazil;Exchange;No;Unknown;Online
BitSails;Worldwide (Decentralized);Exchange;No;In development;Online
Bitsane;Ireland;Exchange;No;Unknown;Offline
Bitscoin;South Korea;Exchange;No;Unknown;Offline
Bitsfox;Russian Federation;Exchange;No;Yes;Online
BitShares;Worldwide (Decentralized);Exchange;Yes;Yes;Online
Bitso;Mexico;Buy/Sell platform;No;Unknown;Online
Bitsonic;South Korea;Exchange;No;Yes;Online
Bitspay;Estonia;Exchange;No;No;Online
Bitstamp;United Kingdom;Exchange;No;Unknown;Online
Bitsten;Indonesia;Exchange;No;Unknown;Online
BITStorage;Seychelles;Exchange;No;Unknown;Online
Bitto;United Kingdom;Exchange;Yes;Unknown;Online
Bittr;Netherlands;Buy/Sell platform;No;No;Discontinued
Bittrex International;Liechtenstein;Exchange;No;No;Online
Bittrex;United States of America;Exchange;No;Unknown;Online
Bittylicious;United Kingdom;Buy/Sell platform;No;No;Online
BitUBU;Turkey;Exchange;No;Yes;Online
BITUNIVEX;Australia;Exchange;No;Yes;Online
Bitvavo;Netherlands;Exchange;No;Yes;Online
Bitwise 10 Crypto Index Fund;United States of America;Index Fund;No;No;Online
Bity;Switzerland;Buy/Sell platform;No;Yes;Online
BitYard;Singapore;Futures Exchange;No;Yes;Online
Bitzeb;Netherlands;Buy/Sell platform;No;No;Online
BJS;United Kingdom;Exchange;No;Unknown;Online
BL3P;Netherlands;Buy/Sell platform;No;Unknown;Online
Black moon;Malta;Exchange;No;No;Online
Blackhalo;Country not disclosed;Exchange;Yes;Unknown;Online
BLADE;Seychelles;Derivatives Exchange;No;No;Online
Bleutrade;Brazil;Exchange;No;Unknown;Online
BLOCK DX;Worldwide (Decentralized);Exchange;Yes;Unknown;Online
Blockchain.io;France;Exchange;No;Unknown;Online
BlockFi;United States of America;Coin Converter (Swaps);No;Yes;Online
BlockFills;United States of America;Exchange;No;No;Online
Blocknet;Worldwide (Decentralized);Exchange;Yes;Unknown;Online
Blockonix;Malta;Exchange;Yes;No;Online
Blockparty;United States of America;NFT Marketplace;Yes;No;Online
Blockport;Netherlands;Exchange;No;Yes;Online
Blocktrade;Liechtenstein;Exchange;No;Unknown;Online
BlockTrades;Cayman Islands;Coin Converter (Swaps);No;Unknown;Online
Blocto;Taiwan;Buy/Sell platform;No;No;Online
BLOX;Netherlands;Buy/Sell platform;No;Yes;Online
Bluebelt;Japan;Buy/Sell platform;No;Unknown;Online
BoaExchange;Costa Rica;Exchange;No;Yes;Online
Bololex;Russia;Exchange;No;Yes;Online
Bondex;Netherlands;Exchange;Yes;No;Online
Bounce;Worldwide (Decentralized);Auction Protocol;Yes;No;Online
BQ;Hongkong;Exchange;No;Yes;Online
Brabex;Brazil;Exchange;No;Unknown;Online
Braveno;United Kingdom;Exchange;No;Unknown;Online
Braziliex;Brazil;Exchange;No;Unknown;Online
BRECOINS;Brazil;Exchange;No;Unknown;Online
BTC-Alpha;United Kingdom;Exchange;No;Yes;Online
BTC Direct;Netherlands;Buy/Sell platform;No;Yes;Online
BTC Markets;Australia;Exchange;No;Unknown;Online
BTC Trade UA;Ukraine;Exchange;No;Unknown;Online
BTC24;Saint Vincent and Grenadines;Exchange;No;Unknown;Offline
BTCBOX;Japan;Exchange;No;Unknown;Online
BTCC;United Kingdom;Exchange;No;Unknown;Online
BTCChina;China;Exchange;No;Unknown;Online
BTCExchange;Philippines;Exchange;No;Unknown;Offline
BTCMEX;Hong Kong;Derivatives Exchange;No;Yes;Online
BTCPOP;Marshall Islands;Exchange;Yes;Yes;Online
BTCsquare;Worldwide (Decentralized);Exchange;No;No;Online
BtcTrade.im;Hong Kong;Exchange;No;Unknown;Offline
BTCTurk;Turkey;Exchange;No;No;Online
BTCX;United States of America;Exchange;No;Unknown;Offline
BTEX;China;Exchange;No;No;Online
BTSE;British Virgin Islands;Exchange;No;Yes;Online
Buda;Chile;Exchange;No;Unknown;Online
Buenbit;Argentina;Exchange;No;Unknown;Online
Bux Crypto;Netherlands;Buy/Sell platform;No;Unknown;Online
Bux X;United Kingdom;CFD Broker;No;Unknown;Online
Buycoin.cash;Estonia;Buy/Sell platform;No;Yes;Online
BuyUcoin;India;Buy/Sell platform;No;Yes;Online
BuyUCoin;India;Buy/Sell platform;No;Yes;Online
BW;Country not disclosed;Exchange;No;Unknown;Online
BX Thailand;Thailand;Exchange;No;Unknown;Online
Bybit;Singapore;Exchange;No;Yes;Online
Bytabit;United States of America;Buy/Sell platform;No;Unknown;Online
bZx;United States of America;Exchange;Yes;Unknown;Online
C-CEX;Country not disclosed;Exchange;No;Unknown;Online
C-Patex;Argentina;Exchange;No;Unknown;Online
C2CX;China;Exchange;No;Unknown;Online
Capital;United Kingdom;CFD Broker;No;Yes;Online
Cash App;United States of America;Exchange;No;No;Online
Cash2Coin;Thailand;Exchange;No;No;Offline
CashFinex;Estonia;Exchange;No;Unknown;Online
Cashierest;South Korea;Exchange;No;Yes;Online
CashPayz Exchange;India;Exchange;No;Unknown;Offline
Caspian;United States of America;Exchange;No;Unknown;Online
CatalX;Canada;Exchange;No;No;Online
Catex;Malta;Exchange;No;No;Online
Cats.Exchange;Worldwide (Decentralized);Coin Converter (Swaps);Yes;No;Online
Ccore;Armenia;Exchange;No;Unknown;Online
CEX.IO;Cyprus;Exchange;No;Yes;Online
CEX;China;Exchange;No;Unknown;Online
cfinex;Country not disclosed;Exchange;No;Unknown;Offline
Chaince;Hong Kong;Exchange;No;No;Offline
Chaincreator;Estonia;Exchange;No;No;Online
ChainEx;South Africa;Exchange;No;Yes;Online
ChainRift;United States of America;Exchange;No;No;Discontinued
changeangel;Seychelles;Exchange;No;No;Online
Changehero;Hong Kong;Coin Converter (Swaps);No;Yes;Online
Changelly;Hong Kong;Coin Converter (Swaps);No;Yes;Online
ChangeNOW;Seychelles;Coin Converter (Swaps);No;Yes;Online
ChaoEX;Hong Kong;Exchange;No;Unknown;Online
CHBTC;China;Exchange;No;Unknown;Online
ChileBit;Chile;Buy/Sell platform;No;Unknown;Online
CICI;Mauritius;Exchange;No;Unknown;Online
Circle Trade;United Kingdom;Exchange;No;Unknown;Online
CITEX;South Korea;Exchange;No;Unknown;Online
City Index;United Kingdom;CFD Broker;No;Yes;Online
CME;United States of America;Futures Contract;No;No;Online
Cobinhood;Cayman Islands;Exchange;No;Unknown;Online
Codex;Estonia;Exchange;No;Yes;Offline
Coinall;Malta;Exchange;No;Unknown;Online
Coinals;United States of America;Exchange;No;No;Online
Coinapult;Panama;Exchange;No;No;Online
Coinbase Pro;United States of America;Exchange;No;Unknown;Online
Coinbase;United States of America;Buy/Sell platform;No;Unknown;Online
Coinbe;Poland;Exchange;No;Unknown;Online
CoinBene;Vanuatu;Exchange;No;Unknown;Online
Coinbit;South Korea;Exchange;No;Unknown;Online
Coinchangex;Worldwide (Decentralized);Exchange;Yes;Unknown;Online
Coincheck;Indonesia;Exchange;No;Unknown;Online
CoinCorner;Isle of Man;Buy/Sell platform;No;Yes;Online
CoinDCX;India;Exchange;No;Yes;Online
Coindeal;Malta;Exchange;No;Yes;Online
Coindecx;India;Exchange;No;Yes;Online
Coindelta;India;Exchange;No;Unknown;Online
Coindirect;Isle of Man;Buy/Sell platform;No;Unknown;Online
Coineal;South Korea;Exchange;No;Unknown;Online
Coinected;Seychelles;Buy/Sell platform;No;No;Online
CoinEgg;China;Exchange;No;Unknown;Online
CoinEx;China;Exchange;No;Yes;Online
CoinExchange;India;Exchange;No;Yes;Offline
Coinexmarket;United Kingdom;Exchange;No;No;Online
CoinFalcon;United Kingdom;Exchange;No;Yes;Online
Coinffeine;Spain;Exchange;Yes;Unknown;Online
Coinfield;Canada;Exchange;No;Unknown;Online
Coinflex;Seychelles;Futures Exchange;No;Yes;Online
Coinfloor;United Kingdom;Exchange;No;Unknown;Online
coinflux;Romania;Buy/Sell Platform;No;No;Online
Coingi;Country not disclosed;Exchange;No;Yes;Online
Coinhako;Singapore;Exchange;No;Yes;Online
Coinhouse;Unknown;Exchange;No;Unknown;Offline
Coinhub;Singapore;Exchange;No;Unknown;Online
CoinJar Exchange;United Kingdom;Exchange;No;Unknown;Online
CoinJar;Australia;Exchange;No;No;Online
Coinlim;Unknown;Exchange;No;Unknown;Offline
Coinlion;United States of America;Exchange;No;Yes;Online
CoinList;United States of America;Exchange;No;No;Online
CoinLoan;Estonia;Lending Platform;No;Unknown;Online
CoinLock;Cayman Islands;Exchange;No;Yes;Online
Coinmama;Slovakia;Buy/Sell platform;No;Yes;Online
CoinMargin;Malaysia;Exchange;No;Yes;Online
CoinMate;Czech Republic;Buy/Sell platform;No;Unknown;Online
Coinmax;Australia;Exchange;No;Yes;Online
Coinmerce;Netherlands;Buy/Sell platform;No;No;Online
CoinMetro;Estonia;Exchange;;Yes;Online
Coinmex;China;Exchange;No;Yes;Offline
Coinmotion;Finland;Exchange;No;Yes;Online
Coinnest;South Korea;Exchange;No;Unknown;Online
Coinone;South Korea;Exchange;No;Unknown;Online
CoinPlace;Unknown;Exchange;No;Unknown;Offline
CoinPlaza;Italy;Exchange;No;Yes;Online
Coinpulse;Panama;Exchange;No;Unknown;Online
Coinquista;Poland;Exchange;No;No;Online
CoinQX;United States of America;Exchange;No;No;Online
Coinrail;South Korea;Exchange;No;Unknown;Online
Coinrate;United Kingdom;Exchange;No;Unknown;Online
Coinroom;Poland;Buy/Sell platform;No;Unknown;Offline
Coins.ph;Philippines;Buy/Sell platform;No;No;Online
CoinsBank;Estonia;Exchange;No;Unknown;Online
Coinsbit;Estonia;Exchange;No;Yes;Online
Coinsecure;India;Exchange;No;Unknown;Offline
Coinsoda;Country not disclosed;Exchange;No;Unknown;Offline
CoinSpark;Cayman islands;Exchange;No;No;Offline
CoinSpot;Australia;Buy/Sell platform;No;Unknown;Online
Coinsquare;Canada;Exchange;No;Unknown;Online
Coinstash;Australia;Buy/Sell platform;No;Yes;Online
Coinsuper;Hong Kong;Exchange;No;Unknown;Online
Coinswitch;India;Coin Converter (Swaps);No;Yes;Online
CoinTiger;China;Exchange;No;Unknown;Online
Cointree;Australia;Buy/Sell platform;No;No;Online
Coinut;Singapore;Exchange;No;Unknown;Online
COINW;China;Exchange;No;Yes;Online
Coinzest;South Korea;Exchange;No;Unknown;Online
Collectables;Worldwide (Decentralized);Exchange;Yes;No;Online
COMIT;Australia;Exchange Protocol;Yes;Unknown;Online
Compound;United States of America;Lending Protocol;Yes;No;Online
CoolCoin;Australia;Exchange;No;Unknown;Online
Coopex;Country not disclosed;Exchange;Yes;Unknown;Online
Coss Decentralized Exchange;Slovakia;Exchange;Yes;No;Online
COSS;Singapore;Exchange;No;Yes;Online
Counterparty DEX;Worldwide (Decentralized);Exchange;Yes;Unknown;Online
Covesting;Gibraltar;Exchange;No;Yes;Online
COXI;Poland;Exchange;No;Unknown;Online
CPDAX;Unknown;Exchange;No;Unknown;Offline
CPH Crypto;Denmark;Exchange;;Yes;Online
Cratex;Country not disclosed;Exchange;No;Unknown;Online
Cratos;Estonia;Exchange;No;Yes;Online
CredoEx;United States of America;Exchange;No;No;Online
Crex24;Estonia;Exchange;No;Yes;Online
Criptohub;Brazil;Exchange;No;Unknown;Online
Crosstower;Australia;Exchange;;No;Online
CRXzone;Singapore;Exchange;No;Unknown;Online
Cryptal;Georgia;Exchange;No;In development;Online
CryptalDash;Cayman Islands;Exchange;No;Unknown;Online
Cryptex;United Kingdom;Exchange;No;Unknown;Online
Crypto Coin Street;Georgia;Exchange;No;No;Online
Crypto Exchange;Italy;Exchange;No;Unknown;Online
Crypto Wolf;Bulgaria;Buy/Sell platform;No;Yes;Offline
Crypto.com;Hongkong;Exchange;No;Yes;Online
Crypto2Cash;Estonia;Exchange;No;No;Online
CryptoAltum;Marshall Islands;Derivatives Exchange;No;No;Online
CryptoBridge;Worldwide (Decentralized);Exchange;Yes;Unknown;Online
Cryptobulls;United Arab Emirates;Exchange;No;Yes;Online
Cryptochange;South Africa;Buy/Sell platform;No;Unknown;Online
Cryptocoin House;Thailand;Exchange;No;Unknown;Online
CryptoDerivatives;Worldwide (Decentralized);Exchange;Yes;No;Online
Cryptofacil;Country not disclosed;Coin Converter (Swaps);No;No;Offline
Cryptohub;Unknown;Exchange;No;Unknown;Offline
CryptoLocally;Hong Kong;Buy/Sell platform;No;Unknown;Online
Cryptology;Singapore;Exchange;No;Unknown;Online
CryptoMarket;Chile;Exchange;No;Unknown;Online
Cryptomate;United Kingdom;Buy/Sell platform;No;Unknown;Online
Cryptonex;United Kingdom;Buy/Sell platform;No;Unknown;Online
Cryptonit;United Kingdom;Exchange;No;Unknown;Online
CryptoPay;United Kingdom;Buy/Sell platform;No;No;Online
Cryptopia;New Zealand;Exchange;No;Yes;Discontinued
Cryptoplanex;United Kingdom;Exchange;No;Unknown;Online
Cryptox;United Kingdom;Exchange;No;Unknown;Offline
Cryptoxygen;Estonia;Exchange;No;No;Online
Cryptrade;Canada;Exchange;Yes;No;Online
Cryptster OU;Estonia;Buy/Sell platform;No;No;Online
Currency;Belarus;Security Token Exchange;No;Yes;Online
CurrenX;China;Exchange;No;Unknown;Offline
Cybex;China;Exchange;Yes;Unknown;Online
Dach Exchange;United Kingdom;Exchange;No;Unknown;Online
Darb Finance;Malta;Exchange;No;Unknown;Online
DC-Ex;Country not disclosed;Exchange;No;Unknown;Offline
DCEX;United States of America;Exchange;No;Unknown;Online
DCExchange;China;Exchange;No;Unknown;Offline
DDEX;Country not disclosed;Exchange;Yes;Yes;Online
dDexx;Worldwide (Decentralized);Exchange;Yes;No;Online
DECENT EX;Country not disclosed;Exchange;No;Unknown;Online
Decred;Worldwide (Decentralized);Coin Converter (Swaps);Yes;No;Online
Deex;Worldwide (Decentralized);Exchange;No;Unknown;Online
DelionDEX;Indonesia;Exchange;Yes;No;Online
Delta Exchange;Saint Vincent and Grenadines;Derivatives Exchange;No;Unknown;Online
Demex;Singapore;Derivatives DEX;Yes;No;Online
Deribit;Netherlands;Exchange;No;Yes;Online
Dether;Estonia;Buy/Sell platform;No;Unknown;Online
DeversiFi;British Virgin Islands;Exchange;Yes;Unknown;Online
Deviant DEX;Country not disclosed;Exchange;Yes;Unknown;Online
DEW;Country not disclosed;Exchange;Yes;Unknown;Offline
Dex Brokerage;Country not disclosed;Exchange;Yes;Unknown;Online
DEx.top;Country not disclosed;Exchange;Yes;Unknown;Online
DexAge;Nigeria;Exchange;No;Yes;Online
Dexdex;United States of America;Exchange;Yes;Yes;Offline
DEXEOS;Country not disclosed;Exchange;Yes;No;Online
Dexex;Switzerland;Exchange;Yes;No;Online
DEXON dex;Taiwan;Exchange;Yes;No;Online
DEXRADE;Singapore;Exchange;No;Unknown;Online
Dexternal;Norway;Exchange;Yes;Unknown;Online
Dextroid;Country not disclosed;Exchange;Yes;Unknown;Offline
DEXY;Worldwide (Decentralized);Exchange;Yes;No;Offline
Dexzbitz;Malta;Exchange;No;Yes;Online
DFLOW;Estonia;Exchange;No;Unknown;Online
Dgtmarket;Poland;Exchange;No;Unknown;Online
Dharma;United States of America;Lending Platform;Yes;Unknown;Online
DigiDeriv;Singapore;Derivatives Exchange;No;Unknown;Online
DigiFinex;China;Exchange;No;Unknown;Online
Digitalprice;Country not disclosed;Exchange;No;No;Online
Digitex Futures;Seychelles;Exchange;No;Unknown;Online
DINNGO;Singapore;Exchange;Yes;No;Online
DOBI;China;Exchange;No;No;Online
Dobitrade;Country not disclosed;Exchange;No;No;Offline
DOGEX;Unknown;Exchange;No;No;Online
Dolomite;Country not disclosed;Exchange;Yes;Yes;Online
Dove Wallet;South Korea;Exchange;No;No;Online
Drachmae Exchange;Moldova;Exchange;No;Unknown;Offline
Dragon Exchange;Malta;Exchange;No;No;Online
DragonEX;Thailand;Exchange;No;Unknown;Online
DSX;United Kingdom;Exchange;No;Unknown;Online
DTE;Worldwide (Decentralized);Exchange;Yes;Unknown;Online
DUBIex;Worldwide (Decentralized);Exchange;Yes;Unknown;Online
DueDEX;Belize;Derivatives Exchange;No;Unknown;Online
Dutch Fly;Saint Vincent and Grenadines;Exchange;No;Yes;Offline
DX.exchange;Estonia;Exchange;No;Yes;Offline
dYdX;United States of America;Exchange;Yes;Unknown;Online
Easy Markets;Cyprus;CFD Broker;No;Yes;Online
EasyOption;Unknown;Derivatives Exchange;No;Yes;Online
EasyTrade;United States of America;Buy/Sell platform;Yes;Yes;Offline
Ebitcoinics;Ghana;Buy/Sell platform;No;Unknown;Online
Eclipcoin;Estonia;Exchange;No;In development;Online
eFin;Switzerland;Exchange;No;Unknown;Online
Eidoo;Switzerland;Exchange;Yes;No;Online
Einax;Country not disclosed;Exchange;No;No;Online
Einstein;Canada;Exchange;No;No;Offline
Elastum;Lithuania;Buy/Sell platform;No;No;Online
Emoon;Worldwide (Decentralized);Buy/Sell platform;Yes;No;Online
EMX;United States of America;Derivatives Exchange;No;Unknown;Online
Enclaves;Worldwide (Decentralized);Exchange;Yes;Unknown;Online
Enigma Catalyst;United States of America;Exchange;No;Unknown;Online
Enjin Marketplace;Singapore;NFT Marketplace;Yes;No;Online
EOSfinex;Country not disclosed;Exchange;Yes;Unknown;Online
Ephimera;Canada;NFT Marketplace;Yes;No;Online
ERC dEX;United States of America;Exchange;Yes;Unknown;Online
ERC20 Exchange;Russian Federation;Exchange;Yes;Unknown;Online
EREX;Country not disclosed;Exchange;No;Yes;Online
ErisX Bitcoin Futures Contract;United States of America;Exchange;No;No;Online
ErisX Ethereum Futures Contract;United States of America;Exchange;No;No;Online
ErisX;United States of America;Exchange;No;Unknown;Online
ERX;Thailand;Exchange;No;No;Online
EscoDex;Estonia;Exchange;Yes;No;Online
Eth2dai;Worldwide (Decentralized);Coin Converter (Swaps);Yes;No;Offline
Ethen;Worldwide (Decentralized);Exchange;Yes;Yes;Offline
Ether Wager;Country not disclosed;Exchange;Yes;Unknown;Online
ETHERC;Worldwide (Decentralized);Exchange;Yes;Unknown;Online
EtherDelta;Worldwide (Decentralized);Exchange;Yes;Unknown;Online
EtherEx;Worldwide (Decentralized);Exchange;Yes;Unknown;Online
EtherFlyer;Country not disclosed;Exchange;Yes;Unknown;Online
Ethermes;United Kingdom;Coin Converter (Swaps);No;Unknown;Online
EtherMium;Worldwide (Decentralized);Exchange;Yes;Yes;Online
Ethernext;Worldwide (Decentralized);Exchange;Yes;Unknown;Offline
EtheRoox;Worldwide (Decentralized);Exchange;Yes;Unknown;Offline
Ethershift;Country not disclosed;Coin Converter (Swaps);No;No;Online
Ethex;United States of America;Exchange;Yes;Unknown;Online
eToro;Cyprus;CFD Broker;No;Yes;Online
EUCX;Netherlands;Exchange;No;No;Online
EUROBTC;Georgia;Exchange;No;Yes;Online
everbloom;United States of America;Exchange;Yes;Unknown;Online
Evercoin;United States of America;Exchange;No;Unknown;Online
Exbitron;Germany;Exchange;No;No;Online
EXC Cripto;Brazil;Exchange;No;No;Online
ExcambrioRex;Country not disclosed;Exchange;No;Unknown;Offline
Exchange bdcash;Brazil;Exchange;No;Yes;Online
Exchange Bitcoin.com;Saint Kitts and Nevis;Exchange;No;No;Online
Exchange Union;China;Exchange;Yes;Unknown;Online
ExchangeN;Unknown;Exchange;No;Unknown;Offline
ExMarkets;British Virgin Islands;Exchange;No;No;Online
Exmo;Russian Federation;Exchange;No;Yes;Online
Exolix;Estonia;Exchange;;Yes;Online
Expread;China;Exchange;No;Unknown;Online
Exrates;Switzerland;Exchange;No;Unknown;Online
Exscudo;Estonia;Exchange;No;No;Online
EXX;China;Exchange;No;Unknown;Online
ezBtc;Canada;Exchange;No;Yes;Online
faast;Canada;Coin Converter (Swaps);No;Unknown;Online
FairX;United States of America;Buy/Sell platform;No;Unknown;Online
Fargobase;United States of America;Buy/Sell platform;No;Unknown;Online
Fatbtc;Belize;Exchange;No;Unknown;Online
FCoin;China;Exchange;No;Unknown;Online
Featured;Worldwide (Decentralized);NFT Marketplace;Yes;No;Online
Fetch Trading;Country not disclosed;Coin Converter (Swaps);No;Unknown;Online
fex;Hong Kong;Exchange;No;Unknown;Online
Fibercoin Exchange;Country not disclosed;Exchange;No;Unknown;Online
Fides Exchange;United States of America;Exchange;;No;Online
FINANSIV;Bulgaria;Exchange;No;In development;Online
Finexbox;Seychelles;Exchange;No;No;Online
Firefly;Hong Kong;Exchange;No;No;Online
Fisco;Japan;Exchange;No;Unknown;Online
Five Star Exchange;India;Exchange;No;Yes;Online
Flashift;Worldwide (Decentralized);Exchange;No;In development;Online
Flipper0x;Country not disclosed;Coin Converter (Swaps);Yes;Unknown;Offline
FlowBTC;Brazil;Exchange;No;Unknown;Online
Flyp.Me;Luxembourg;Coin Converter (Swaps);No;No;Online
FOBLGATE;South Korea;Exchange;No;Unknown;Online
Folex;Georgia;Exchange;No;Unknown;Online
Folgory;Estonia;Exchange;No;No;Online
ForkDelta;Worldwide (Decentralized);Exchange;Yes;Unknown;Online
Foundation;Worldwide (Decentralized);NFT Marketplace;Yes;No;Online
Foxbit;Brazil;Exchange;No;Unknown;Online
Freak.Exchange;Worldwide (Decentralized);Exchange;No;No;Online
Freedom Dex;Country not disclosed;Exchange;No;Unknown;Offline
Freedom Ledger;Canada;Exchange;Yes;Unknown;Online
FreiExchange;Norway;Exchange;No;No;Online
FTX;Antigua and Barbuda;Derivatives Exchange;No;No;Online
FurCoins;United States of America;Exchange;No;Unknown;Offline
Fusion;Singapore;Exchange Protocol;No;Unknown;Online
Future1Exchange;Estonia;Exchange;No;Yes;Online
FXOpen;Saint Kitts and Nevis;CFD Broker;No;Unknown;Online
FYB-SE;Sweden;Exchange;No;Unknown;Online
FYB-SG;Singapore;Exchange;No;Unknown;Online
Galleon;Singapore;Exchange;No;No;Online
Gameswap;Worldwide (Decentralized);NFT Marketplace;Yes;No;Online
Gate.io;China;Exchange;No;Yes;Online
Gatecoin;Hong Kong;Exchange;No;Unknown;Discontinued
Gatehub;United Kingdom;Exchange;No;Unknown;Online
GAVIA.IO;Canada;Buy/Sell Platform;;In development;Online
GBX Digital Asset Exchange;Gibraltar;Exchange;No;Unknown;Online
GDAC;South Korea;Exchange;No;Unknown;Online
GDEX;Worldwide (Decentralized);Exchange;Yes;Unknown;Online
Gemini;United States of America;Exchange;No;Unknown;Online
Genesis Markets;Ireland;Exchange;No;Yes;Online
Genesis;United States of America;Exchange;No;No;Online
Genotik;Unknown;Exchange;No;Unknown;Offline
GetBTC;Russian Federation;Exchange;No;Unknown;Online
GEX.EXCHANGE;Georgia;Exchange;No;No;Online
GhostMarket;Worldwide (Decentralized);Exchange;Yes;No;Online
Gimmer;United Kingdom;Exchange;No;Unknown;Online
Giottus;India;Exchange;No;Unknown;Online
Globitex;United Kingdom;Exchange;No;Unknown;Online
Gnosis DutchX;Gibraltar;Coin Converter (Swaps);Yes;Unknown;Online
go4cryptos;Czech Republic;Buy/Sell platform;No;Unknown;Online
GOBABA;United Kingdom;Buy/Sell platform;No;Unknown;Online
Godex;Country not disclosed;Exchange;No;Yes;Online
GokuMarket;Estonia;Exchange;No;Yes;Online
GOPAX;South Korea;Exchange;No;Unknown;Online
GOZO;Malta;Exchange;No;Unknown;Online
GRAVIEX Exchange;Malta;Exchange;No;Yes;Online
Gravity Sport;United Kingdom;NFT Marketplace;No;No;Online
Grayscale;United States of America;Investment Fund;No;No;Online
Guardarian;Estonia;Buy/Sell platform;No;Yes;Online
Guava;Nigeria;Exchange;No;Unknown;Offline
GuildEX;Country not disclosed;Exchange;Yes;Unknown;Online
GuldenTrader;United Kingdom;Buy/Sell platform;No;Unknown;Online
H2OX;Country not disclosed;Exchange;No;No;Online
HADAX;China;Exchange;No;Unknown;Online
Halaldex;Singapore;Buy/Sell platform;Yes;No;Online
Halo Platform;Panama;Exchange;Yes;Unknown;Online
Happy Coins;Netherlands;Buy/Sell platform;No;Yes;Online
Harvest Finance;Worldwide (Decentralized);Yield Aggregator;;No;Online
HAT.exchange;Country not disclosed;Exchange;No;Unknown;Offline
Heat Wallet;Finland;Exchange;Yes;Unknown;Online
Herdius;Germany;Exchange;Yes;Unknown;Online
HitBTC;Hong Kong;Exchange;No;Yes;Online
Hoard;Denmark;NFT Marketplace;Yes;No;Online
Hodl Hodl;United Kingdom;Exchange;Yes;Unknown;Online
Hodl.nl;Netherlands;Investment Fund;No;No;Online
Hodlco;Australia;Exchange;No;Unknown;Online
HollaEx;Seychelles;Exchange;No;Unknown;Online
Honeyswap;Worldwide (Decentralized);Exchange;Yes;No;Online
Hoo.com;Hong Kong;Exchange;No;Yes;Online
Hopex;Singapore;Derivatives Exchange;No;Unknown;Online
Hotbit;Country not disclosed;Exchange;No;Yes;Online
HOTDEX;Worldwide (Decentralized);Exchange;Yes;No;Online
HQEx.io;Russian Federation;Exchange;No;Unknown;Discontinued
Hubi;China;Exchange;No;No;Online
Huobi Japan;Japan;Exchange;Yes;No;Online
Huobi Korea;South Korea;Exchange;No;No;Online
Huobi;Seychelles;Exchange;No;Yes;Online
Huulk;United Arab Emirates;Exchange;No;No;Online
Hybse;Lesotho;Exchange;No;No;Online
Hycon;South Korea;Exchange;Yes;Unknown;Online
Hydra;Country not disclosed;Exchange;Yes;Unknown;Online
Hype;Italy;Buy/Sell platform;No;No;Online
HyperDEX;Worldwide (Decentralized);Exchange;Yes;Unknown;Online
HyperExchange;Australia;Exchange;No;Unknown;Online
ICE3X;South Africa;Exchange;No;No;Online
ICOINOMIA;Brazil;Exchange;No;Unknown;Online
ICONswap;Worldwide (Decentralized);Coin Converter (Swaps);Yes;No;Online
IDAX;Mongolia;Exchange;No;Unknown;Online
IDCM;Country not disclosed;Exchange;No;Unknown;Online
IDEX;Panama;Exchange;Yes;No;Online
IDT Exchange;United States of America;Exchange;Yes;Unknown;Online
iFin;Isle of Man;Exchange;Yes;No;Online
IG.com;Australia;CFD Broker;No;Unknown;Online
Inbest Network;United States of America;Exchange;No;Unknown;Online
Incognito pDEX;Worldwide (Decentralized);Exchange;Yes;Unknown;Online
Indacoin;United Kingdom;Buy/Sell platform;No;Unknown;Online
Independent Reserve;Australia;Exchange;No;Unknown;Online
Indodax;Indonesia;Exchange;No;Yes;Online
Indoex;United Kingdom;Exchange;No;Yes;Online
InfinityCoin Exchange;British Virgin Islands;Exchange;No;Yes;Online
InPay;United Kingdom;Buy/Sell platform;No;No;Online
Insta FX;Worldwide (Decentralized);Exchange;No;Yes;Online
InstaEx;Country not disclosed;Coin Converter (Swaps);No;No;Online
Instantbitex;United Kingdom;Exchange;No;Yes;Online
Instaswap;Seychelles;Coin Converter (Swaps);No;Yes;Online
INSTEX;Country not disclosed;Exchange;Yes;Unknown;Online
Integral Protocol;Worldwide (Decentralized);Coin Converter (Swaps);Yes;No;Online
Interdax;United Kingdom;Derivatives Exchange;No;Unknown;Online
Interstellar;Cameroon;Exchange;Yes;Unknown;Online
INX;United States of America;Exchange;No;In development;Online
InziderX;Country not disclosed;Exchange;Yes;Unknown;Online
ionomy Exchange;Seychelles;Exchange;No;No;Online
IQ Option;Cyprus;CFD Broker;No;Yes;Online
IQFinex;Country not disclosed;Exchange;No;Yes;Online
Iquant;Hong Kong;Exchange;No;Unknown;Offline
ISX;Iceland;Exchange;No;Unknown;Online
itBit;United States of America;Exchange;No;Unknown;Online
Javvy;United States of America;Exchange;Yes;Unknown;Online
JOYSO;China;Exchange;Yes;Unknown;Online
jubi.com;China;Exchange;No;Unknown;Offline
JustSwap;Worldwide (Decentralized);Exchange Protocol;Yes;No;Online
Kickex;Estonia;Exchange;No;Yes;Online
Kineticex;Vietnam;Exchange;No;Unknown;Online
KKcoin;Singapore;Exchange;No;No;Online
KnownOrigin;United Kingdom;NFT Marketplace;Yes;No;Online
Koinbazar;India;Exchange;No;Yes;Online
Koineks;Turkey;Exchange;No;Yes;Online
Koinex;India;Exchange;No;Unknown;Online
KoinFit;India;Exchange;No;No;Online
Koinim;Turkey;Buy/Sell platform;No;No;Online
KoinOK;India;Exchange;No;Yes;Offline
Komodo;Malta;Exchange;Yes;Unknown;Online
Kompler;Brazil;Exchange;No;No;Offline
Korbit;South Korea;Exchange;No;Unknown;Online
Kraken;United States of America;Exchange;No;Unknown;Online
Kriptomat;Estonia;Buy/Sell platform;No;Yes;Online
Kryptono;Singapore;Exchange;No;Unknown;Online
Kucoin;Seychelles;Exchange;No;Yes;Online
KuMEX;Seychelles;Futures Exchange;No;Unknown;Online
Kuna;Ukraine;Exchange;No;Unknown;Online
Kyber Network;Singapore;Exchange;Yes;Unknown;Online
KyberSwap;Singapore;Coin Converter (Swaps);No;Unknown;Online
Kyobit;Country not disclosed;Exchange;No;Unknown;Online
Labrotix;Russian Federation;Exchange;No;Unknown;Online
Lake Trade;Unknown;Exchange;Yes;No;Online
LakeBTC;United States of America;Exchange;No;Yes;Online
LATOKEN;Estonia;Exchange;No;Unknown;Online
LBank;China;Exchange;No;Unknown;Online
LBX;United Kingdom;Exchange;No;Unknown;Discontinued
LCX;Liechtenstein;Exchange;No;Unknown;Online
LDX;United Kingdom;Derivatives Exchange;No;Unknown;Online
LedgerDex;Country not disclosed;Exchange;Yes;No;Online
LedgerX;United States of America;Derivatives Exchange;No;No;Online
Legolas Exchange;France;Exchange;No;Unknown;Online
Lendingblock;Gibraltar;Lending Platform;No;No;Online
Lendroid;Singapore;Exchange;No;Unknown;Online
LEOxChange;Canada;Exchange;No;Unknown;Online
LetsExchange;Worldwide (Decentralized);Exchange;;In development;Online
Leverj;Seychelles;Exchange;Yes;Yes;Online
LHCrypto;Hong Kong;CFD Broker;No;Yes;Online
Libertex;Cyprus;CFD Broker;No;Yes;Online
LinkCoin;Country not disclosed;Exchange;No;Yes;Online
LinkerCoin;South Korea;Exchange;Yes;Unknown;Online
LINTAX;American Samoa;Derivatives Exchange;No;In development;Online
Liqui;Ukraine;Exchange;No;Unknown;Online
Liquid;Japan;Exchange;No;Yes;Online
LiteBit.eu;Netherlands;Buy/Sell platform;No;Yes;Online
Livecoin;Russian Federation;Exchange;No;Yes;Hacked
LiveTrades;Iceland;Exchange;No;Yes;Online
LMAX Digital;Gibraltar;Exchange;Yes;No;Online
local particl;Worldwide (Decentralized);Exchange;No;No;Online
LocalBitcoinCash;Singapore;Buy/Sell platform;No;No;Online
LocalBitcoins;Venezuela;P2P Exchange;No;Unknown;Online
LocalCoinSwap;Hong Kong;Buy/Sell platform;Yes;Yes;Online
LocalTrade;United Kingdom;Exchange;No;No;Online
Loopring DEX;China;Exchange;Yes;No;Online
Loopring;China;Exchange Protocol;No;Unknown;Online
LootSwap;Worldwide (Decentralized);Coin Converter (Swaps);Yes;No;Online
LQDEX;United States of America;Exchange;Yes;Unknown;Online
Lucent;British Virgin Islands;Exchange;No;No;Online
Luno;Singapore;Exchange;No;Unknown;Online
LVL;United States of America;Exchange;No;Yes;Online
LXDX;Malta;Exchange;No;Unknown;Online
Lykke Exchange;Switzerland;Exchange;No;Yes;Online
Maicoin Asset Exchange;Samoa;Exchange;No;No;Online
MakersPlace;United States of America;NFT Marketplace;Yes;No;Online
Mandala;Cayman Islands;Exchange;No;No;Online
MapleChange;Unknown;Exchange;No;Unknown;Offline
Margex;Seychelles;Derivatives Exchange;No;Yes;Online
MARKET Protocol;United States of America;Exchange;Yes;Unknown;Online
Markets.com;Cyprus;CFD Broker;No;Unknown;Online
Marketviewx;Cyprus;Exchange;No;Yes;Online
MAX Exchange;Samoa;Exchange;No;No;Online
MBAex;Singapore;Exchange;No;Unknown;Online
McAfeeDex;Worldwide (Decentralized);Exchange;Yes;No;Online
Melon;Switzerland;Exchange;Yes;Unknown;Online
Mercado Bitcoin;Brazil;Buy/Sell platform;No;Unknown;Online
Mercatox;United Kingdom;Exchange;No;Yes;Online
MercuriEx;United States of America;Exchange;No;No;Online
Mercury Cash;United States of America;Buy/Sell platform;No;Unknown;Online
Mercury;Unknown;Exchange;No;Unknown;Offline
MergeDEX;Estonia;Exchange;No;Yes;Online
Metaplex;Worldwide (Decentralized);Exchange;Yes;No;Online
Mettalex;Worldwide (Decentralized);Exchange;Yes;No;Online
MinexDEX;Hong Kong;Exchange;Yes;Unknown;Online
Mintable;Worldwide (Decentralized);NFT Marketplace;Yes;No;Online
Mintbase;Germany;NFT Marketplace;Yes;No;Online
MintMe;Worldwide (Decentralized);Exchange;;Yes;Online
MINTR;Worldwide (Decentralized);NFT Marketplace;Yes;No;Online
Minty;United States of America;NFT Marketplace;Yes;No;Online
MixCoins;Hong Kong;Exchange;No;Yes;Online
Mobidex;Country not disclosed;Exchange;Yes;Unknown;Online
Monfex;Saint Vincent and Grenadines;CFD Broker;No;Yes;Online
Montex;Unknown;Exchange;No;No;Online
MoonDEX;United Kingdom;Exchange;No;No;Online
MoonSwap;Worldwide (Decentralized);Exchange;Yes;No;Online
Morgan Creek Bitwise Digital Asset Index;United Kingdom;Index Fund;No;Unknown;Online
Mothership;Estonia;Exchange;No;Unknown;Online
Mr. Exchange;Japan;Exchange;No;Unknown;Online
Mushino;Hong Kong;Exchange;No;Yes;Online
MXC;Singapore;Exchange;No;Yes;Online
MyCoinStory (MCS);Singapore;Derivatives Exchange;No;No;Online
MyEtherSwap;Unknown;Exchange;Yes;Unknown;Offline
Mylocalcoin;Unknown;Exchange;No;No;Offline
N.exchange;United Kingdom;Buy/Sell platform;No;Yes;Online
Nanex;Country not disclosed;Exchange;No;Unknown;Offline
Nanu;Brazil;Exchange;No;Unknown;Discontinued
Narkasa;Turkey;Exchange;No;In development;Online
Nash Exchange (NEX);Liechtenstein;Exchange;Yes;Yes;Online
Nauticus;Australia;Exchange;No;Unknown;Online
Ndax IO;Canada;Buy/Sell platform;No;Yes;Online
nDEX;Worldwide (Decentralized);Exchange;Yes;Unknown;Online
NegocieCoins;Brazil;Exchange;No;Unknown;Online
Neraex;Japan;Exchange;No;Unknown;Online
Nessie;Panama;Exchange;No;Unknown;Online
Netcoins;Canada;Buy/Sell platform;No;Yes;Online
NeuronEx;United States of America;P2P Exchange;;Yes;Online
NewCash;Brazil;Buy/Sell platform;No;No;Online
Newdex;Hong Kong;Exchange;Yes;No;Online
Newton;Canada;Exchange;No;No;Online
Nexchanges;India;Exchange;No;Unknown;Offline
Nexo;Malta;Lending Platform;No;No;Online
NextExchange;Netherlands;Exchange;Yes;Unknown;Online
NFT Showroom;Worldwide (Decentralized);NFT Marketplace;Yes;No;Online
NFTX;Worldwide (Decentralized);NFT Index Fund protocol;Yes;No;Online
Nifty Gateway;United States of America;NFT Marketplace;No;No;Online
NIOC Exchange;Estonia;Exchange;No;Yes;Discontinued
NiubiSwap;Worldwide (Decentralized);Coin Converter (Swaps);Yes;No;Online
NLexch;Netherlands;Exchange;No;No;Online
Nocks;Netherlands;Buy/Sell platform;No;Unknown;Online
Nominex;Seychelles;Exchange;;Yes;Online
Nova DAX;Brazil;Buy/Sell platform;No;No;Online
Novaexchange;Sweden;Exchange;No;Unknown;Discontinued
Nuex;Italy;Exchange;No;No;Online
Numex;Seychelles;Exchange;No;Unknown;Online
NuMoney;Indonesia;Exchange;No;No;Online
Nusax;Indonesia;Exchange;No;No;Online
NVO;Country not disclosed;Exchange;Yes;Unknown;Offline
Nxt;Switzerland;Exchange;Yes;No;Online
Oasis Direct;Netherlands Antilles;Exchange;Yes;Unknown;Online
Oasis Trade;Worldwide (Decentralized);Exchange;Yes;Unknown;Online
OAX;Hong Kong;Exchange;Yes;Unknown;Online
Oceanex;Cayman Islands;Exchange;No;Unknown;Online
Octabis;Latvia;Lending Platform;No;No;Online
Octaex;Unknown;Exchange;No;Unknown;Offline
OEX;China;Exchange;No;Unknown;Online
OKCoin International;China;Exchange;No;Unknown;Online
OKCoin.cn;China;Exchange;No;Unknown;Offline
OKEx;Malta;Exchange;No;Unknown;Online
Omega One;United States of America;Exchange;No;Unknown;Offline
Omgfin;Estonia;Exchange;No;Yes;Online
Omicrex;Greece;Exchange;No;Unknown;Online
OmiseGO;Thailand;Exchange;Yes;Unknown;Online
Omni DEX;Worldwide (Decentralized);Exchange;Yes;Unknown;Online
One Step Exchange;Worldwide (Decentralized);Coin Converter (Swaps);Yes;No;Online
OneChain DEX;China;Exchange;Yes;Unknown;Online
Onepagex;Country not disclosed;Coin Converter (Swaps);No;No;Online
Oodlebit;United States of America;Exchange;No;Yes;Online
OOOBTC;Singapore;Exchange;No;Unknown;Online
Open Collectors Network;Romania;Exchange;Yes;Unknown;Offline
Open Relay;United States of America;Relayer;Yes;Unknown;Online
Open Trading Network;Russian Federation;Exchange;Yes;Unknown;Offline
openANX;Hong Kong;Exchange;Yes;Unknown;Offline
OpenLedger DEX;Denmark;Exchange;Yes;Unknown;Online
OpenSea;United States of America;NFT Marketplace;Yes;Yes;Online
opium network;Netherlands;Exchange Protocol;No;No;Online
Option Pool;Singapore;Derivatives Exchange;No;Unknown;Online
Orderbook;United States of America;Exchange;Yes;Unknown;Online
Ore.Bz;Russian Federation;Exchange;No;Unknown;Offline
Orionx;Chile;Exchange;No;Unknown;Online
OROM;Country not disclosed;Exchange;No;No;Online
OSL;Hongkong;Exchange;No;No;Online
OTCBTC;Taiwan;Exchange;No;Unknown;Online
Ourox;United States of America;Exchange;No;Unknown;Offline
Overbit;Seychelles;Derivatives Exchange;No;Yes;Online
OVEX;South Africa;Exchange;No;Yes;Online
Ovis;Turkey;Exchange;No;Unknown;Online
p2pb2b;Estonia;Exchange;Yes;Yes;Online
Pagcripto;Brazil;Buy/Sell platform;No;Unknown;Online
Palitanx;Philippines;Exchange;No;Unknown;Offline
PancakeSwap;Japan;Exchange;Yes;No;Online
Pangolin Exchange;Worldwide (Decentralized);Exchange;Yes;No;Online
Panxora;Hong Kong;Exchange;No;Unknown;Online
Paradex;Country not disclosed;Exchange;Yes;Unknown;Online
Paradigm;United States of America;Exchange;Yes;Unknown;Online
ParaSwap;France;Aggregation Platform;Yes;No;Online
PardoX Exchange;Worldwide (Decentralized);Exchange;No;In development;Online
Paribu;Turkey;Buy/Sell platform;No;Unknown;Online
Passive Digital Asset;Croatia;Investment Fund;No;No;Online
Pavillion Hub;Australia;NFT Marketplace;Yes;No;Online
PawnHub;Hong Kong;Lending Platform;No;Yes;Online
Paxforex;United Kingdom;CFD Broker;No;Yes;Online
Paxful;United States of America;Buy/Sell platform;No;Yes;Online
Paybis;United Kingdom;Buy/Sell platform;No;Yes;Online
PayBito;United States of America;Exchange;No;Unknown;Online
PayCml;Turkey;Exchange;No;No;Online
Paymium;France;Exchange;No;Yes;Online
PCEX MEMBER;Worldwide (Decentralized);Exchange;;Yes;Online
PEAKDEFI;United Arab Emirates;Investment Fund;Yes;No;Online
Pepperstone;Australia;CFD Broker;No;Yes;Online
Phemex;Singapore;Derivatives Exchange;No;Yes;Online
PicoStocks;Country not disclosed;Exchange;No;No;Online
pixEOS;United States of America;NFT Marketplace;Yes;No;Online
Plaak;Australia;Exchange;Yes;Unknown;Online
Plus500;United Kingdom;CFD Broker;No;Unknown;Online
Plutus DEX;United Kingdom;Exchange;No;Unknown;Online
Polkadex;Switzerland;Exchange;Yes;No;Online
Polkaswap;Worldwide (Decentralized);Exchange;Yes;No;Online
Poloni DEX;Cayman Islands;Exchange;Yes;No;Online
Poloniex;United States of America;Exchange;No;Unknown;Online
Portion;United States of America;NFT Marketplace;Yes;No;Online
PowerIndex;Worldwide (Decentralized);Index Fund;;No;Online
Prime;Worldwide (Decentralized);Exchange;Yes;Unknown;Offline
PrimeBit;Saint Vincent and Grenadines;P2P Exchange;No;Unknown;Online
PrimeXBT;Seychelles;Exchange;No;Yes;Online
Prism;Switzerland;Exchange;Yes;Unknown;Offline
ProBit Exchange;South Korea;Exchange;No;Yes;Online
ProBitEX;Belarus;Exchange;No;No;Online
Pungo Cash;Panama;Buy/Sell platform;No;Unknown;Online
PurCow;China;Exchange;No;No;Online
QB;United Kingdom;Exchange;No;Unknown;Online
QBTC;Country not disclosed;Exchange;No;Unknown;Offline
Qiex;Hong Kong;Exchange;No;Unknown;Online
Qryptos;Unknown;Exchange;No;Unknown;Offline
qTrade;United States of America;Exchange;No;Yes;Online
QuadrigaCX;Canada;Exchange;No;Unknown;Discontinued
QUANTA;Singapore;Exchange;Yes;Unknown;Online
Quedex;Gibraltar;Derivatives Exchange;No;Unknown;Online
QueenDex Exchange;Bangladesh;Exchange;No;Yes;Online
QuickSwap;Worldwide (Decentralized);Exchange;Yes;No;Online
QUME;Bahrain;Derivatives Exchange;No;Unknown;Online
QUUBE Exchange;Singapore;Exchange;No;Unknown;Online
Radar Relay;United States of America;Exchange;Yes;Unknown;Online
Radex;Country not disclosed;Exchange;Yes;Unknown;Online
Raiden;Liechtenstein;Exchange Protocol;Yes;Unknown;Online
Raidex;Liechtenstein;Exchange;Yes;Unknown;Online
Rain;Bahrain;Exchange;No;No;Online
Raisex;Malta;Exchange;No;Unknown;Online
Rakuten;Japan;Exchange;No;No;Online
Ramp;United Kingdom;Coin Converter (Swaps);No;No;Online
Rari Capital;United Arab Emirates;Yield Aggregator;Yes;No;Online
Rarible;United States of America;NFT Marketplace;Yes;No;Online
Redot.com;Estonia;Exchange;No;Yes;Online
Rektex;Worldwide (Decentralized);Exchange;Yes;Unknown;Offline
Relayer Network;United States of America;Relayer;Yes;Unknown;Online
Reminato;Seychelles;Buy/Sell platform;No;Unknown;Online
Ren;British Virgin Islands;Exchange Protocol;Yes;No;Online
Republic Protocol;Country not disclosed;Exchange;Yes;Unknown;Online
RES FINEX;British Virgin Islands;Exchange;No;Unknown;Online
Resistance;Cayman Islands;Exchange;Yes;No;Online
Revolut;Unknown;Buy/Sell platform;No;Yes;Online
Rfinex;China;Exchange;No;Unknown;Online
Richamster;Ukraine;Exchange;No;Yes;Online
RightBTC;United Arab Emirates;Exchange;No;Unknown;Online
RigoBlock;Switzerland;Exchange;Yes;Unknown;Online
Ripio;Country not disclosed;Buy/Sell platform;No;Yes;Online
Rippex;Unknown;Exchange;No;Unknown;Offline
Ripple China;China;Coin Converter (Swaps);No;Unknown;Online
RippleFox;China;Exchange;No;Unknown;Online
Robinhood;United States of America;Exchange;No;Unknown;Online
RuDEX;Russian Federation;Exchange;Yes;Unknown;Online
Safecoin;Unknown;Exchange;No;No;Online
Safello;Sweden;Buy/Sell platform;No;No;Online
SafeSwap Online;Netherlands;Yield Aggregator;Yes;In development;Online
SafeTrade;Hong Kong;Exchange;No;No;Online
Satang;Thailand;Exchange;No;Unknown;Online
SatoExchange;Country not disclosed;Exchange;No;Yes;Online
SATOS;Netherlands;Buy/Sell platform;No;Yes;Online
Satowallet;United Arab Emirates;Exchange;No;No;Offline
Saturn;Worldwide (Decentralized);Exchange;Yes;Unknown;Online
SBI;Japan;Exchange;No;No;Online
Scalpex;Worldwide (Decentralized);Derivatives Exchange;No;Yes;Online
SDEX;United States of America;Exchange;Yes;Unknown;Offline
SecondBTC;Singapore;Exchange;No;No;Online
Seed CX;United States of America;Exchange;No;No;Online
Set Protocol;United States of America;Exchange Protocol;No;Unknown;Online
Settle;Country not disclosed;Exchange;Yes;Unknown;Offline
Shakepay;Canada;Exchange;No;No;Online
Shapeshift;United Kingdom;Coin Converter (Swaps);No;Yes;Online
Shardax;United Kingdom;Exchange;No;Unknown;Online
Shark Relay;United States of America;Exchange;Yes;Unknown;Online
Sherolex;British Virgin Islands;Exchange;No;No;Online
Shiftal P2P Crypto Exchange;Worldwide (Decentralized);Exchange;;Yes;Online
ShorelineCrypto;United States of America;Exchange;No;No;Online
Shortex;Cayman Islands;Exchange;No;No;Online
ShortHop;United States of America;Coin Converter (Swaps);No;Yes;Online
Sideshift AI;Country not disclosed;Coin Converter (Swaps);No;Yes;Online
SIGN ART;Worldwide (Decentralized);Exchange;Yes;No;Online
Simex;United States of America;Exchange;No;Unknown;Online
SimpleDEX;Country not disclosed;Exchange;Yes;Unknown;Offline
SimpleFX;St. Vincent & Grenadines;CFD Broker;No;Yes;Online
SimpleSwap;Malta;Coin Converter (Swaps);No;Yes;Online
SingularX;Switzerland;Exchange;Yes;No;Online
Sistemkoin;Turkey;Exchange;No;Yes;Online
SIX Swiss Exchange;Switzerland;Stock Exchange;No;Unknown;Online
Smart Valor;Switzerland;Security Token Exchange;No;No;Online
Sofi;United States of America;CFD Broker;No;Yes;Online
SouthXchange;Argentina;Exchange;No;No;Online
SpaceSeven;Switzerland;NFT Marketplace;Yes;No;Online
Sparkswap;United States of America;Exchange;Yes;No;Discontinued
Spectre;Cayman Islands;Exchange;No;Yes;Online
Spero Exchange;Brazil;Exchange;No;No;Online
stableDEX;Estonia;Exchange;Yes;Yes;Online
Stakecenter;Worldwide (Decentralized);Exchange;No;No;Online
STAR BITEX;Taiwan;Exchange;Yes;Unknown;Online
StealthEX;Worldwide (Decentralized);Exchange;No;Yes;Online
Stellar Term;United States of America;Exchange;Yes;No;Online
Stellar;United States of America;Exchange;Yes;Unknown;Online
Stellarport;United States of America;Exchange;Yes;Unknown;Online
Stellarswap;Worldwide (Decentralized);Coin Converter (Swaps);Yes;Unknown;Online
StellarX;United States of America;Exchange;No;Unknown;Online
Stex;Estonia;Exchange;No;Unknown;Online
Stinex;Country not disclosed;Exchange;No;Unknown;Offline
Stocks.Exchange;Estonia;Exchange;No;Unknown;Offline
Stratum;Hong Kong;Exchange;No;Unknown;Online
Streamity;Singapore;Exchange;Yes;Unknown;Online
Stronghold;United States of America;Exchange;No;Unknown;Online
STX.SWISS;Country not disclosed;Security Token Exchange;Yes;;Online
Sugar Exchange;Country not disclosed;Exchange;No;Unknown;Online
SuperRare;United States of America;NFT Marketplace;No;No;Online
SupremeDCX;Country not disclosed;Exchange;No;No;Offline
SurBitcoin;Venezuela;Buy/Sell platform;No;Unknown;Online
SwapDex;Worldwide (Decentralized);Exchange;Yes;No;Online
Swapp;Worldwide (Decentralized);Aggregation Platform;Yes;No;Online
SwapSpace;Malta;Coin Converter (Swaps);No;Yes;Online
SwapSwop;Seychelles;Coin Converter (Swaps);No;In development;Online
Swapzone;Worldwide (Decentralized);Aggregation Platform;No;Yes;Online
SWFT;Country not disclosed;Buy/Sell platform;No;No;Online
Swiftex;Country not disclosed;Exchange;No;No;Online
Switch;Worldwide (Decentralized);Coin Converter (Swaps);Yes;No;Online
Switchain;Marshall Islands;Coin Converter (Swaps);No;Yes;Online
SwitchDEX;Worldwide (Decentralized);Exchange;Yes;No;Online
Switcheo Network;Singapore;Exchange;Yes;No;Online
Switcheo;Singapore;Exchange;Yes;No;Online
Swoop Exchange;Worldwide (Decentralized);Exchange;Yes;No;Online
SynchroBit;United Kingdom;Exchange;No;Unknown;Online
Synthetix.Exchange;Worldwide (Decentralized);Exchange;Yes;No;Online
Synthetix;Australia;Exchange Protocol;No;No;Online
Tagomi;United States of America;Aggregation Platform;No;No;Online
Taotao;Japan;Exchange;No;No;Online
Tarmex;United States of America;Exchange;No;In development;Online
Tassat;United States of America;Derivatives Exchange;No;Unknown;Online
TCC Exchange;Unknown;Exchange;No;No;Offline
Tera Exchange;United States of America;Derivatives Exchange;No;Unknown;Online
Ternion Exchange;Estonia;Exchange;No;Yes;Online
Terrexa;Cyprus;Buy/Sell platform;No;Yes;Online
The Bitwise 10 Index Offshore Fund;United States of America;Index Fund;No;No;Online
The Bitwise Bitcoin Fund;United States of America;Index Fund;;No;Online
The Bitwise Ethereum Fund;United States of America;Index Fund;;No;Online
The Champ Coin Exchange;Country not disclosed;Exchange;No;Unknown;Offline
The Ocean;United States of America;Exchange;No;No;Online
The Pit;Luxembourg;Exchange;No;Yes;Online
The Rock Trading;Italy;Exchange;No;Unknown;Online
The World Exchange;Worldwide (Decentralized);Exchange;Yes;No;Online
TheCoin;Country not disclosed;Exchange;No;No;Online
Thodex;Turkey;Exchange;No;Yes;Online
Thore Exchange;Country not disclosed;Exchange;No;No;Online
ThoreCash;Switzerland;Lending Platform;No;No;Online
THORSwap;Worldwide (Decentralized);Coin Converter (Swaps);Yes;No;Online
Tidebit;Hong Kong;Exchange;No;Yes;Online
Tidex;United Kingdom;Exchange;No;Unknown;Online
Timex;Australia;Exchange;No;No;Online
Tokedo;Isle of Man;Exchange;Yes;Unknown;Online
Token Changer;United Kingdom;Coin Converter (Swaps);Yes;Unknown;Online
Token Store;Worldwide (Decentralized);Exchange;Yes;No;Online
Tokena;Country not disclosed;Exchange;Yes;Unknown;Online
Tokenjar;Singapore;Exchange;Yes;Unknown;Online
Tokenlon;Singapore;Exchange;Yes;Unknown;Online
Tokenmom;South Korea;Exchange;Yes;Yes;Online
Tokenomy;Singapore;Exchange;No;Yes;Online
Tokens;United Kingdom;Exchange;No;Unknown;Online
Tokok;China;Exchange;No;Yes;Online
TOKPIE;Hong Kong;Exchange;No;Yes;Online
Toma Exchange;South Korea;Exchange;No;No;Offline
TOPBTC;Malta;Exchange;No;Unknown;Online
Totle;United States of America;Exchange;Yes;No;Online
Trade By Trade;Vanuatu;Exchange;No;Unknown;Online
Trade Crypto King;United States of America;Exchange;No;Unknown;Online
Trade Satoshi;Hong Kong;Exchange;No;Unknown;Discontinued
Trade.com;Cyprus;CFD Broker;No;Yes;Online
Trade.io;Hong Kong;Exchange;No;Unknown;Online
Tradebits;Netherlands;Exchange;No;Unknown;Online
TradeOgre;Singapore;Exchange;No;Unknown;Online
TRGC;Netherlands;Investment Fund;No;No;Online
TRIBTC;Seychelles;Derivatives Exchange;No;Unknown;Online
Trident Crypto Fund;United Arab Emirates;Investment Fund;No;Unknown;Online
Tripe Dice Exchange;Singapore;Exchange;No;Unknown;Discontinued
Troca.ninja;South Korea;Exchange;No;Unknown;Offline
TROY;China;Exchange;No;No;Online
TrueBit;Country not disclosed;Exchange;Yes;Unknown;Online
TTNEX;India;Exchange;No;Yes;Online
TUNATRADES;Worldwide (Decentralized);Exchange;No;No;Online
Turtle Decentralized Exchange;Worldwide (Decentralized);Exchange;Yes;No;Online
TURUKO;Turkey;Buy/Sell platform;No;Unknown;Online
Tux Exchange;Canada;Exchange;No;No;Online
txbit.io;Netherlands;Exchange;No;Unknown;Online
TychExchange;Estonia;Exchange;No;In development;Online
TYSLIN;Singapore;Exchange;No;Yes;Online
UberDelta;Unknown;Exchange;No;Unknown;Offline
Ubit;Country not disclosed;Exchange;No;No;Online
UbiTok.io;Country not disclosed;Exchange;Yes;Unknown;Online
UEX;United States Virgin Islands;Exchange;No;Unknown;Offline
UIOEX;South Korea;Exchange;No;Unknown;Online
Ukex;United Kingdom;Exchange;No;No;Online
UniDAX;Singapore;Exchange;No;No;Online
Uniswap;Worldwide (Decentralized);Exchange Protocol;Yes;No;Online
Unnamed Exchange;Country not disclosed;Exchange;No;;Online
UNOCOIN;India;Exchange;No;Unknown;Online
Upbit;South Korea;Exchange;No;Unknown;Online
UpCoin;United Kingdom;Exchange;No;Unknown;Online
Upex;Bahrain;Exchange;No;Unknown;Online
Uphold;United States of America;Buy/Sell platform;No;No;Online
UrduBit;Pakistan;Exchange;No;Unknown;Offline
Utex;Russian Federation;Exchange;No;No;Online
VALR;South Africa;Buy/Sell platform;No;Yes;Online
ValueCash;Unknown;Exchange;No;Unknown;Offline
VantageX;Country not disclosed;Exchange;No;Unknown;Online
VariabL;Country not disclosed;Exchange;Yes;Unknown;Online
Vauld;Singapore;Buy/Sell Platform;No;No;Online
VaultMex;Unknown;Exchange;No;Unknown;Offline
Vaultoro;Switzerland;Commodities Exchange;No;No;Online
VBTC;Vietnam;Buy/Sell platform;No;Unknown;Online
VC Trade;Japan;Exchange;No;No;Online
Vebitcoin;Turkey;Exchange;No;Unknown;Online
Veil;Country not disclosed;Exchange;No;No;Online
Velcron;Hong Kong;Exchange;No;Unknown;Offline
Vertex Market;United Kingdom;Buy/Sell platform;No;Unknown;Online
VinDAX;Country not disclosed;Exchange;No;No;Online
Vinex Network;Singapore;Exchange;No;No;Online
VirgoCX;Canada;Exchange;No;Yes;Online
Virtuse Exchange;Singapore;Exchange;No;Unknown;Online
ViteX;Worldwide (Decentralized);Exchange;Yes;Yes;Online
Volentix;Cayman Islands;Exchange;Yes;Yes;Online
Voyager;Canada;Aggregation Platform;No;Unknown;Online
Wadax;Country not disclosed;Exchange;No;No;Online
Wanchain;China;Exchange;Yes;Unknown;Online
WandX;Country not disclosed;Exchange;Yes;Unknown;Online
Waves Decentralized Exchange;Switzerland;Exchange;Yes;No;Online
WazirX;India;Exchange;No;No;Online
WBB Exchange;Estonia;Exchange;No;Yes;Online
weiDex;Bulgaria;Exchange;Yes;No;Online
WEX;New Zealand;Exchange;No;Unknown;Offline
WhiteBIT;Estonia;Exchange;No;Yes;Online
WixExchange;Hong Kong;Exchange;No;Unknown;Online
Wollito;Seychelles;Exchange;No;No;Online
Wunderbit;Estonia;Buy/Sell platform;No;Yes;Online
Wyvern;Worldwide (Decentralized);Exchange;Yes;Unknown;Online
Xapo;United States of America;Buy/Sell platform;No;No;Online
xBTCe;Russian Federation;Exchange;No;Unknown;Online
XBTPro;Saint Vincent and Grenadines;Exchange;No;Yes;Online
XBTS;Worldwide (Decentralized);Exchange;Yes;Yes;Online
Xcalibra;British Virgin Islands;Exchange;No;No;Online
XCH4NGE;United Kingdom;Buy/Sell platform;No;No;Online
xChain;United States of America;Exchange;Yes;No;Online
Xcoins;United States of America;Buy/Sell platform;No;Yes;Online
Xena Exchange;United Kingdom;Exchange;No;No;Online
Xeno NFT Hub;Hongkong;NFT Marketplace;Yes;No;Online
XPA Exchange;Hong Kong;Exchange;Yes;Unknown;Online
XPOP;South Korea;NFT Marketplace;Yes;No;Online
xRapid;United States of America;Exchange Protocol;No;Unknown;Online
XTB;United Kingdom;CFD Broker;No;No;Online
Yeahex;Seychelles;Exchange;No;No;Online
Yearn Finance;Worldwide (Decentralized);Yield Aggregator;Yes;No;Online
YLDswap;Worldwide (Decentralized);Exchange;Yes;No;Online
YoBit;Russian Federation;Exchange;No;Unknown;Online
YOOBTC;Australia;Exchange;No;Yes;Online
YouDEX;Russian Federation;Exchange;Yes;Unknown;Offline
YouHodler;Cyprus;Exchange;No;Yes;Online
YouStock;United States of America;Exchange;Yes;Unknown;Online
YUNBI;China;Exchange;No;Unknown;Online
Yunex;China;Exchange;No;Unknown;Online
Zaif;Japan;Exchange;No;Unknown;Online
ZB.cn;China;Exchange;No;Unknown;Offline
ZB.COM;Samoa;Exchange;No;Unknown;Online
ZBG;Hong Kong;Exchange;No;No;Online
ZBX;Malta;Exchange;No;No;Online
ZDEX Exchange;Worldwide (Decentralized);Exchange;Yes;Unknown;Online
Zebpay;Malta;Exchange;No;Unknown;Online
Zecoex.com;India;Exchange;No;Unknown;Offline
Zero Exchange;Country not disclosed;Coin Converter (Swaps);Yes;Unknown;Online
Zeus;Singapore;Exchange;No;Unknown;Online
ZigZag;Country not disclosed;Coin Converter (Swaps);No;Unknown;Online
Zip Exchange;Unknown;Exchange;No;Unknown;Offline
Zipmex;Australia;Exchange;No;Yes;Online
zkSync;Germany;Coin Converter (Swaps);No;No;Online
ZUBR;Saint Vincent and Grenadines;Derivatives Exchange;No;No;Online
